{"frames": {

"00069.png":
{
	"frame": {"x":1,"y":1,"w":1024,"h":768},
	"rotated": false,
	"trimmed": false,
	"spriteSourceSize": {"x":0,"y":0,"w":1024,"h":768},
	"sourceSize": {"w":1024,"h":768}
},
"00070.png":
{
	"frame": {"x":1027,"y":1,"w":1024,"h":768},
	"rotated": false,
	"trimmed": false,
	"spriteSourceSize": {"x":0,"y":0,"w":1024,"h":768},
	"sourceSize": {"w":1024,"h":768}
},
"00071.png":
{
	"frame": {"x":2053,"y":1,"w":1024,"h":768},
	"rotated": false,
	"trimmed": false,
	"spriteSourceSize": {"x":0,"y":0,"w":1024,"h":768},
	"sourceSize": {"w":1024,"h":768}
},
"00072.png":
{
	"frame": {"x":1,"y":771,"w":1024,"h":768},
	"rotated": false,
	"trimmed": false,
	"spriteSourceSize": {"x":0,"y":0,"w":1024,"h":768},
	"sourceSize": {"w":1024,"h":768}
},
"00073.png":
{
	"frame": {"x":1,"y":1541,"w":1024,"h":768},
	"rotated": false,
	"trimmed": false,
	"spriteSourceSize": {"x":0,"y":0,"w":1024,"h":768},
	"sourceSize": {"w":1024,"h":768}
},
"00074.png":
{
	"frame": {"x":1,"y":2311,"w":1024,"h":768},
	"rotated": false,
	"trimmed": false,
	"spriteSourceSize": {"x":0,"y":0,"w":1024,"h":768},
	"sourceSize": {"w":1024,"h":768}
},
"00075.png":
{
	"frame": {"x":1,"y":3081,"w":1024,"h":768},
	"rotated": false,
	"trimmed": false,
	"spriteSourceSize": {"x":0,"y":0,"w":1024,"h":768},
	"sourceSize": {"w":1024,"h":768}
},
"00076.png":
{
	"frame": {"x":1027,"y":771,"w":1024,"h":768},
	"rotated": false,
	"trimmed": false,
	"spriteSourceSize": {"x":0,"y":0,"w":1024,"h":768},
	"sourceSize": {"w":1024,"h":768}
},
"00077.png":
{
	"frame": {"x":2053,"y":771,"w":1024,"h":768},
	"rotated": false,
	"trimmed": false,
	"spriteSourceSize": {"x":0,"y":0,"w":1024,"h":768},
	"sourceSize": {"w":1024,"h":768}
},
"00078.png":
{
	"frame": {"x":1027,"y":1541,"w":1024,"h":768},
	"rotated": false,
	"trimmed": false,
	"spriteSourceSize": {"x":0,"y":0,"w":1024,"h":768},
	"sourceSize": {"w":1024,"h":768}
},
"00080.png":
{
	"frame": {"x":1027,"y":2311,"w":1024,"h":768},
	"rotated": false,
	"trimmed": false,
	"spriteSourceSize": {"x":0,"y":0,"w":1024,"h":768},
	"sourceSize": {"w":1024,"h":768}
},
"00090.png":
{
	"frame": {"x":1027,"y":3081,"w":1024,"h":768},
	"rotated": false,
	"trimmed": false,
	"spriteSourceSize": {"x":0,"y":0,"w":1024,"h":768},
	"sourceSize": {"w":1024,"h":768}
},
"00091.png":
{
	"frame": {"x":2053,"y":1541,"w":1024,"h":768},
	"rotated": false,
	"trimmed": false,
	"spriteSourceSize": {"x":0,"y":0,"w":1024,"h":768},
	"sourceSize": {"w":1024,"h":768}
},
"00092.png":
{
	"frame": {"x":2053,"y":2311,"w":1024,"h":768},
	"rotated": false,
	"trimmed": false,
	"spriteSourceSize": {"x":0,"y":0,"w":1024,"h":768},
	"sourceSize": {"w":1024,"h":768}
},
"00093.png":
{
	"frame": {"x":2053,"y":3081,"w":1024,"h":768},
	"rotated": false,
	"trimmed": false,
	"spriteSourceSize": {"x":0,"y":0,"w":1024,"h":768},
	"sourceSize": {"w":1024,"h":768}
}},
"meta": {
	"app": "https://www.codeandweb.com/texturepacker",
	"version": "1.0",
	"image": "1-4.png",
	"format": "RGBA8888",
	"size": {"w":3078,"h":3850},
	"scale": "1",
	"smartupdate": "$TexturePacker:SmartUpdate:2c47d482f039984eaf9770f5e3036930:3da1b5dd64485e236743de02089361ff:79e34e6085d71a6769b2023294aa1584$"
}
}
