{"frames": {

"00000.png":
{
	"frame": {"x":1,"y":1,"w":699,"h":596},
	"rotated": false,
	"trimmed": true,
	"spriteSourceSize": {"x":79,"y":172,"w":699,"h":596},
	"sourceSize": {"w":1024,"h":768}
},
"00001.png":
{
	"frame": {"x":702,"y":1,"w":699,"h":596},
	"rotated": false,
	"trimmed": true,
	"spriteSourceSize": {"x":79,"y":172,"w":699,"h":596},
	"sourceSize": {"w":1024,"h":768}
},
"00002.png":
{
	"frame": {"x":1403,"y":1,"w":699,"h":596},
	"rotated": false,
	"trimmed": true,
	"spriteSourceSize": {"x":79,"y":172,"w":699,"h":596},
	"sourceSize": {"w":1024,"h":768}
},
"00003.png":
{
	"frame": {"x":2104,"y":1,"w":699,"h":596},
	"rotated": false,
	"trimmed": true,
	"spriteSourceSize": {"x":79,"y":172,"w":699,"h":596},
	"sourceSize": {"w":1024,"h":768}
},
"00004.png":
{
	"frame": {"x":2805,"y":1,"w":699,"h":596},
	"rotated": false,
	"trimmed": true,
	"spriteSourceSize": {"x":79,"y":172,"w":699,"h":596},
	"sourceSize": {"w":1024,"h":768}
},
"00005.png":
{
	"frame": {"x":1,"y":599,"w":699,"h":596},
	"rotated": false,
	"trimmed": true,
	"spriteSourceSize": {"x":79,"y":172,"w":699,"h":596},
	"sourceSize": {"w":1024,"h":768}
},
"00006.png":
{
	"frame": {"x":1,"y":1197,"w":699,"h":596},
	"rotated": false,
	"trimmed": true,
	"spriteSourceSize": {"x":79,"y":172,"w":699,"h":596},
	"sourceSize": {"w":1024,"h":768}
},
"00007.png":
{
	"frame": {"x":1,"y":1795,"w":699,"h":596},
	"rotated": false,
	"trimmed": true,
	"spriteSourceSize": {"x":79,"y":172,"w":699,"h":596},
	"sourceSize": {"w":1024,"h":768}
},
"00008.png":
{
	"frame": {"x":1,"y":2393,"w":699,"h":596},
	"rotated": false,
	"trimmed": true,
	"spriteSourceSize": {"x":79,"y":172,"w":699,"h":596},
	"sourceSize": {"w":1024,"h":768}
},
"00009.png":
{
	"frame": {"x":1,"y":2991,"w":699,"h":596},
	"rotated": false,
	"trimmed": true,
	"spriteSourceSize": {"x":79,"y":172,"w":699,"h":596},
	"sourceSize": {"w":1024,"h":768}
},
"00010.png":
{
	"frame": {"x":702,"y":599,"w":699,"h":596},
	"rotated": false,
	"trimmed": true,
	"spriteSourceSize": {"x":79,"y":172,"w":699,"h":596},
	"sourceSize": {"w":1024,"h":768}
},
"00011.png":
{
	"frame": {"x":1403,"y":599,"w":699,"h":596},
	"rotated": false,
	"trimmed": true,
	"spriteSourceSize": {"x":79,"y":172,"w":699,"h":596},
	"sourceSize": {"w":1024,"h":768}
},
"00012.png":
{
	"frame": {"x":2104,"y":599,"w":699,"h":596},
	"rotated": false,
	"trimmed": true,
	"spriteSourceSize": {"x":79,"y":172,"w":699,"h":596},
	"sourceSize": {"w":1024,"h":768}
},
"00013.png":
{
	"frame": {"x":2805,"y":599,"w":699,"h":596},
	"rotated": false,
	"trimmed": true,
	"spriteSourceSize": {"x":79,"y":172,"w":699,"h":596},
	"sourceSize": {"w":1024,"h":768}
},
"00014.png":
{
	"frame": {"x":702,"y":1197,"w":699,"h":596},
	"rotated": false,
	"trimmed": true,
	"spriteSourceSize": {"x":79,"y":172,"w":699,"h":596},
	"sourceSize": {"w":1024,"h":768}
},
"00015.png":
{
	"frame": {"x":702,"y":1795,"w":699,"h":596},
	"rotated": false,
	"trimmed": true,
	"spriteSourceSize": {"x":79,"y":172,"w":699,"h":596},
	"sourceSize": {"w":1024,"h":768}
},
"00016.png":
{
	"frame": {"x":702,"y":2393,"w":699,"h":596},
	"rotated": false,
	"trimmed": true,
	"spriteSourceSize": {"x":79,"y":172,"w":699,"h":596},
	"sourceSize": {"w":1024,"h":768}
},
"00017.png":
{
	"frame": {"x":702,"y":2991,"w":699,"h":596},
	"rotated": false,
	"trimmed": true,
	"spriteSourceSize": {"x":79,"y":172,"w":699,"h":596},
	"sourceSize": {"w":1024,"h":768}
},
"00018.png":
{
	"frame": {"x":1403,"y":1197,"w":699,"h":596},
	"rotated": false,
	"trimmed": true,
	"spriteSourceSize": {"x":79,"y":172,"w":699,"h":596},
	"sourceSize": {"w":1024,"h":768}
},
"00019.png":
{
	"frame": {"x":2104,"y":1197,"w":699,"h":596},
	"rotated": false,
	"trimmed": true,
	"spriteSourceSize": {"x":79,"y":172,"w":699,"h":596},
	"sourceSize": {"w":1024,"h":768}
},
"00020.png":
{
	"frame": {"x":2805,"y":1197,"w":699,"h":596},
	"rotated": false,
	"trimmed": true,
	"spriteSourceSize": {"x":79,"y":172,"w":699,"h":596},
	"sourceSize": {"w":1024,"h":768}
},
"00021.png":
{
	"frame": {"x":1403,"y":1795,"w":699,"h":596},
	"rotated": false,
	"trimmed": true,
	"spriteSourceSize": {"x":79,"y":172,"w":699,"h":596},
	"sourceSize": {"w":1024,"h":768}
},
"00022.png":
{
	"frame": {"x":1403,"y":2393,"w":699,"h":596},
	"rotated": false,
	"trimmed": true,
	"spriteSourceSize": {"x":79,"y":172,"w":699,"h":596},
	"sourceSize": {"w":1024,"h":768}
},
"00023.png":
{
	"frame": {"x":1,"y":1197,"w":699,"h":596},
	"rotated": false,
	"trimmed": true,
	"spriteSourceSize": {"x":79,"y":172,"w":699,"h":596},
	"sourceSize": {"w":1024,"h":768}
},
"00024.png":
{
	"frame": {"x":1403,"y":2991,"w":699,"h":596},
	"rotated": false,
	"trimmed": true,
	"spriteSourceSize": {"x":79,"y":172,"w":699,"h":596},
	"sourceSize": {"w":1024,"h":768}
},
"00025.png":
{
	"frame": {"x":2104,"y":1795,"w":699,"h":596},
	"rotated": false,
	"trimmed": true,
	"spriteSourceSize": {"x":79,"y":172,"w":699,"h":596},
	"sourceSize": {"w":1024,"h":768}
},
"00026.png":
{
	"frame": {"x":2805,"y":1795,"w":699,"h":596},
	"rotated": false,
	"trimmed": true,
	"spriteSourceSize": {"x":79,"y":172,"w":699,"h":596},
	"sourceSize": {"w":1024,"h":768}
},
"00027.png":
{
	"frame": {"x":2104,"y":2393,"w":699,"h":596},
	"rotated": false,
	"trimmed": true,
	"spriteSourceSize": {"x":79,"y":172,"w":699,"h":596},
	"sourceSize": {"w":1024,"h":768}
}},
"meta": {
	"app": "https://www.codeandweb.com/texturepacker",
	"version": "1.0",
	"image": "10-2-0.png",
	"format": "RGBA8888",
	"size": {"w":3505,"h":3588},
	"scale": "1",
	"smartupdate": "$TexturePacker:SmartUpdate:7ea5af187d107513916264f929a9938f:cabff8ff352c4ed104c7c96b07114c14:ba45e0cbdbce3c4c8b1073f6201e3f2a$"
}
}
