{"frames": {

"00031.png":
{
	"frame": {"x":1,"y":1,"w":614,"h":584},
	"rotated": false,
	"trimmed": true,
	"spriteSourceSize": {"x":64,"y":184,"w":614,"h":584},
	"sourceSize": {"w":1024,"h":768}
},
"00032.png":
{
	"frame": {"x":617,"y":1,"w":614,"h":584},
	"rotated": false,
	"trimmed": true,
	"spriteSourceSize": {"x":39,"y":184,"w":614,"h":584},
	"sourceSize": {"w":1024,"h":768}
},
"00033.png":
{
	"frame": {"x":1233,"y":1,"w":614,"h":584},
	"rotated": false,
	"trimmed": true,
	"spriteSourceSize": {"x":14,"y":184,"w":614,"h":584},
	"sourceSize": {"w":1024,"h":768}
}},
"meta": {
	"app": "https://www.codeandweb.com/texturepacker",
	"version": "1.0",
	"image": "10-2-1.png",
	"format": "RGBA8888",
	"size": {"w":1848,"h":586},
	"scale": "1",
	"smartupdate": "$TexturePacker:SmartUpdate:2c9d9efd641b65f62a7f21cc12d18563:53b4b425b95ed72d9a43a61ee9cea282:1bd3c905a3ca2fd1d1267a1ea65ca65f$"
}
}
