{"frames": {

"00000.png":
{
	"frame": {"x":1,"y":1,"w":1024,"h":677},
	"rotated": false,
	"trimmed": true,
	"spriteSourceSize": {"x":0,"y":91,"w":1024,"h":677},
	"sourceSize": {"w":1024,"h":768}
},
"00001.png":
{
	"frame": {"x":1,"y":1,"w":1024,"h":677},
	"rotated": false,
	"trimmed": true,
	"spriteSourceSize": {"x":0,"y":91,"w":1024,"h":677},
	"sourceSize": {"w":1024,"h":768}
},
"00002.png":
{
	"frame": {"x":1,"y":1,"w":1024,"h":677},
	"rotated": false,
	"trimmed": true,
	"spriteSourceSize": {"x":0,"y":91,"w":1024,"h":677},
	"sourceSize": {"w":1024,"h":768}
},
"00003.png":
{
	"frame": {"x":1,"y":1,"w":1024,"h":677},
	"rotated": false,
	"trimmed": true,
	"spriteSourceSize": {"x":0,"y":91,"w":1024,"h":677},
	"sourceSize": {"w":1024,"h":768}
},
"00004.png":
{
	"frame": {"x":1,"y":1,"w":1024,"h":677},
	"rotated": false,
	"trimmed": true,
	"spriteSourceSize": {"x":0,"y":91,"w":1024,"h":677},
	"sourceSize": {"w":1024,"h":768}
},
"00005.png":
{
	"frame": {"x":1,"y":1,"w":1024,"h":677},
	"rotated": false,
	"trimmed": true,
	"spriteSourceSize": {"x":0,"y":91,"w":1024,"h":677},
	"sourceSize": {"w":1024,"h":768}
},
"00006.png":
{
	"frame": {"x":1,"y":1,"w":1024,"h":677},
	"rotated": false,
	"trimmed": true,
	"spriteSourceSize": {"x":0,"y":91,"w":1024,"h":677},
	"sourceSize": {"w":1024,"h":768}
},
"00007.png":
{
	"frame": {"x":1,"y":1,"w":1024,"h":677},
	"rotated": false,
	"trimmed": true,
	"spriteSourceSize": {"x":0,"y":91,"w":1024,"h":677},
	"sourceSize": {"w":1024,"h":768}
},
"00008.png":
{
	"frame": {"x":1,"y":1,"w":1024,"h":677},
	"rotated": false,
	"trimmed": true,
	"spriteSourceSize": {"x":0,"y":91,"w":1024,"h":677},
	"sourceSize": {"w":1024,"h":768}
},
"00009.png":
{
	"frame": {"x":1,"y":1,"w":1024,"h":677},
	"rotated": false,
	"trimmed": true,
	"spriteSourceSize": {"x":0,"y":91,"w":1024,"h":677},
	"sourceSize": {"w":1024,"h":768}
},
"00010.png":
{
	"frame": {"x":1027,"y":1,"w":1024,"h":677},
	"rotated": false,
	"trimmed": true,
	"spriteSourceSize": {"x":0,"y":91,"w":1024,"h":677},
	"sourceSize": {"w":1024,"h":768}
},
"00011.png":
{
	"frame": {"x":2053,"y":1,"w":1024,"h":677},
	"rotated": false,
	"trimmed": true,
	"spriteSourceSize": {"x":0,"y":91,"w":1024,"h":677},
	"sourceSize": {"w":1024,"h":768}
},
"00015.png":
{
	"frame": {"x":1,"y":680,"w":1024,"h":677},
	"rotated": false,
	"trimmed": true,
	"spriteSourceSize": {"x":0,"y":91,"w":1024,"h":677},
	"sourceSize": {"w":1024,"h":768}
},
"00016.png":
{
	"frame": {"x":1027,"y":680,"w":1024,"h":677},
	"rotated": false,
	"trimmed": true,
	"spriteSourceSize": {"x":0,"y":91,"w":1024,"h":677},
	"sourceSize": {"w":1024,"h":768}
},
"00017.png":
{
	"frame": {"x":2053,"y":680,"w":1024,"h":677},
	"rotated": false,
	"trimmed": true,
	"spriteSourceSize": {"x":0,"y":91,"w":1024,"h":677},
	"sourceSize": {"w":1024,"h":768}
},
"00021.png":
{
	"frame": {"x":1,"y":1359,"w":1024,"h":677},
	"rotated": false,
	"trimmed": true,
	"spriteSourceSize": {"x":0,"y":91,"w":1024,"h":677},
	"sourceSize": {"w":1024,"h":768}
},
"00022.png":
{
	"frame": {"x":1027,"y":1359,"w":1024,"h":677},
	"rotated": false,
	"trimmed": true,
	"spriteSourceSize": {"x":0,"y":91,"w":1024,"h":677},
	"sourceSize": {"w":1024,"h":768}
},
"00023.png":
{
	"frame": {"x":2053,"y":1359,"w":1024,"h":677},
	"rotated": false,
	"trimmed": true,
	"spriteSourceSize": {"x":0,"y":91,"w":1024,"h":677},
	"sourceSize": {"w":1024,"h":768}
},
"00027.png":
{
	"frame": {"x":1,"y":2038,"w":1024,"h":565},
	"rotated": false,
	"trimmed": true,
	"spriteSourceSize": {"x":0,"y":203,"w":1024,"h":565},
	"sourceSize": {"w":1024,"h":768}
},
"00028.png":
{
	"frame": {"x":1,"y":2605,"w":1024,"h":565},
	"rotated": false,
	"trimmed": true,
	"spriteSourceSize": {"x":0,"y":203,"w":1024,"h":565},
	"sourceSize": {"w":1024,"h":768}
},
"00029.png":
{
	"frame": {"x":1,"y":3172,"w":1024,"h":565},
	"rotated": false,
	"trimmed": true,
	"spriteSourceSize": {"x":0,"y":203,"w":1024,"h":565},
	"sourceSize": {"w":1024,"h":768}
},
"00033.png":
{
	"frame": {"x":1027,"y":2038,"w":1024,"h":565},
	"rotated": false,
	"trimmed": true,
	"spriteSourceSize": {"x":0,"y":203,"w":1024,"h":565},
	"sourceSize": {"w":1024,"h":768}
},
"00034.png":
{
	"frame": {"x":2053,"y":2038,"w":1024,"h":565},
	"rotated": false,
	"trimmed": true,
	"spriteSourceSize": {"x":0,"y":203,"w":1024,"h":565},
	"sourceSize": {"w":1024,"h":768}
},
"00035.png":
{
	"frame": {"x":1027,"y":2605,"w":1024,"h":565},
	"rotated": false,
	"trimmed": true,
	"spriteSourceSize": {"x":0,"y":203,"w":1024,"h":565},
	"sourceSize": {"w":1024,"h":768}
},
"00060.png":
{
	"frame": {"x":1027,"y":3172,"w":1024,"h":565},
	"rotated": false,
	"trimmed": true,
	"spriteSourceSize": {"x":0,"y":203,"w":1024,"h":565},
	"sourceSize": {"w":1024,"h":768}
},
"00061.png":
{
	"frame": {"x":2053,"y":2605,"w":1024,"h":565},
	"rotated": false,
	"trimmed": true,
	"spriteSourceSize": {"x":0,"y":203,"w":1024,"h":565},
	"sourceSize": {"w":1024,"h":768}
},
"00062.png":
{
	"frame": {"x":2053,"y":3172,"w":1024,"h":565},
	"rotated": false,
	"trimmed": true,
	"spriteSourceSize": {"x":0,"y":203,"w":1024,"h":565},
	"sourceSize": {"w":1024,"h":768}
},
"00066.png":
{
	"frame": {"x":2053,"y":3172,"w":1024,"h":565},
	"rotated": false,
	"trimmed": true,
	"spriteSourceSize": {"x":0,"y":203,"w":1024,"h":565},
	"sourceSize": {"w":1024,"h":768}
},
"00067.png":
{
	"frame": {"x":2053,"y":2605,"w":1024,"h":565},
	"rotated": false,
	"trimmed": true,
	"spriteSourceSize": {"x":0,"y":203,"w":1024,"h":565},
	"sourceSize": {"w":1024,"h":768}
},
"00068.png":
{
	"frame": {"x":1027,"y":3172,"w":1024,"h":565},
	"rotated": false,
	"trimmed": true,
	"spriteSourceSize": {"x":0,"y":203,"w":1024,"h":565},
	"sourceSize": {"w":1024,"h":768}
}},
"meta": {
	"app": "https://www.codeandweb.com/texturepacker",
	"version": "1.0",
	"image": "11-0.png",
	"format": "RGBA8888",
	"size": {"w":3078,"h":3738},
	"scale": "1",
	"smartupdate": "$TexturePacker:SmartUpdate:b7085e97e20b638e6aa08f3eaf2e54b6:c41214103d2630cd2397fc57e83de107:8a1b3f5fbea21bfb9f06db5d6b505284$"
}
}
