{"frames": {

"00008.png":
{
	"frame": {"x":1,"y":1,"w":1024,"h":619},
	"rotated": false,
	"trimmed": true,
	"spriteSourceSize": {"x":0,"y":0,"w":1024,"h":619},
	"sourceSize": {"w":1024,"h":768}
},
"00009.png":
{
	"frame": {"x":1027,"y":1,"w":1024,"h":619},
	"rotated": false,
	"trimmed": true,
	"spriteSourceSize": {"x":0,"y":0,"w":1024,"h":619},
	"sourceSize": {"w":1024,"h":768}
},
"00010.png":
{
	"frame": {"x":2053,"y":1,"w":1024,"h":619},
	"rotated": false,
	"trimmed": true,
	"spriteSourceSize": {"x":0,"y":0,"w":1024,"h":619},
	"sourceSize": {"w":1024,"h":768}
},
"00011.png":
{
	"frame": {"x":1,"y":622,"w":1024,"h":619},
	"rotated": false,
	"trimmed": true,
	"spriteSourceSize": {"x":0,"y":0,"w":1024,"h":619},
	"sourceSize": {"w":1024,"h":768}
},
"00012.png":
{
	"frame": {"x":1027,"y":622,"w":1024,"h":619},
	"rotated": false,
	"trimmed": true,
	"spriteSourceSize": {"x":0,"y":0,"w":1024,"h":619},
	"sourceSize": {"w":1024,"h":768}
},
"00013.png":
{
	"frame": {"x":2053,"y":622,"w":1024,"h":619},
	"rotated": false,
	"trimmed": true,
	"spriteSourceSize": {"x":0,"y":0,"w":1024,"h":619},
	"sourceSize": {"w":1024,"h":768}
},
"00014.png":
{
	"frame": {"x":1,"y":1243,"w":1024,"h":619},
	"rotated": false,
	"trimmed": true,
	"spriteSourceSize": {"x":0,"y":0,"w":1024,"h":619},
	"sourceSize": {"w":1024,"h":768}
},
"00015.png":
{
	"frame": {"x":1,"y":1864,"w":1024,"h":619},
	"rotated": false,
	"trimmed": true,
	"spriteSourceSize": {"x":0,"y":0,"w":1024,"h":619},
	"sourceSize": {"w":1024,"h":768}
},
"00016.png":
{
	"frame": {"x":1,"y":2485,"w":1024,"h":619},
	"rotated": false,
	"trimmed": true,
	"spriteSourceSize": {"x":0,"y":0,"w":1024,"h":619},
	"sourceSize": {"w":1024,"h":768}
},
"00017.png":
{
	"frame": {"x":1,"y":3106,"w":1024,"h":619},
	"rotated": false,
	"trimmed": true,
	"spriteSourceSize": {"x":0,"y":0,"w":1024,"h":619},
	"sourceSize": {"w":1024,"h":768}
},
"00018.png":
{
	"frame": {"x":1027,"y":1243,"w":1024,"h":619},
	"rotated": false,
	"trimmed": true,
	"spriteSourceSize": {"x":0,"y":0,"w":1024,"h":619},
	"sourceSize": {"w":1024,"h":768}
},
"00019.png":
{
	"frame": {"x":2053,"y":1243,"w":1024,"h":619},
	"rotated": false,
	"trimmed": true,
	"spriteSourceSize": {"x":0,"y":0,"w":1024,"h":619},
	"sourceSize": {"w":1024,"h":768}
},
"00020.png":
{
	"frame": {"x":1027,"y":1864,"w":1024,"h":619},
	"rotated": false,
	"trimmed": true,
	"spriteSourceSize": {"x":0,"y":0,"w":1024,"h":619},
	"sourceSize": {"w":1024,"h":768}
},
"00021.png":
{
	"frame": {"x":1027,"y":2485,"w":1024,"h":619},
	"rotated": false,
	"trimmed": true,
	"spriteSourceSize": {"x":0,"y":0,"w":1024,"h":619},
	"sourceSize": {"w":1024,"h":768}
},
"00022.png":
{
	"frame": {"x":1027,"y":3106,"w":1024,"h":619},
	"rotated": false,
	"trimmed": true,
	"spriteSourceSize": {"x":0,"y":0,"w":1024,"h":619},
	"sourceSize": {"w":1024,"h":768}
},
"00023.png":
{
	"frame": {"x":2053,"y":1864,"w":1024,"h":619},
	"rotated": false,
	"trimmed": true,
	"spriteSourceSize": {"x":0,"y":0,"w":1024,"h":619},
	"sourceSize": {"w":1024,"h":768}
},
"00024.png":
{
	"frame": {"x":2053,"y":2485,"w":1024,"h":619},
	"rotated": false,
	"trimmed": true,
	"spriteSourceSize": {"x":0,"y":0,"w":1024,"h":619},
	"sourceSize": {"w":1024,"h":768}
},
"00025.png":
{
	"frame": {"x":2053,"y":3106,"w":1024,"h":619},
	"rotated": false,
	"trimmed": true,
	"spriteSourceSize": {"x":0,"y":0,"w":1024,"h":619},
	"sourceSize": {"w":1024,"h":768}
}},
"meta": {
	"app": "https://www.codeandweb.com/texturepacker",
	"version": "1.0",
	"image": "13-0.png",
	"format": "RGBA8888",
	"size": {"w":3078,"h":3726},
	"scale": "1",
	"smartupdate": "$TexturePacker:SmartUpdate:e0c2d400875a869e065e446735eb3426:af5d8f396ca135cc257263fba4bf140a:cfb9be20c4d30802cfccbdd7eb133d70$"
}
}
