{"frames": {

"00000.png":
{
	"frame": {"x":1,"y":1,"w":1023,"h":470},
	"rotated": false,
	"trimmed": true,
	"spriteSourceSize": {"x":0,"y":0,"w":1023,"h":470},
	"sourceSize": {"w":1024,"h":768}
},
"00001.png":
{
	"frame": {"x":1,"y":1,"w":1023,"h":470},
	"rotated": false,
	"trimmed": true,
	"spriteSourceSize": {"x":0,"y":0,"w":1023,"h":470},
	"sourceSize": {"w":1024,"h":768}
},
"00002.png":
{
	"frame": {"x":1,"y":1,"w":1023,"h":470},
	"rotated": false,
	"trimmed": true,
	"spriteSourceSize": {"x":0,"y":0,"w":1023,"h":470},
	"sourceSize": {"w":1024,"h":768}
},
"00003.png":
{
	"frame": {"x":1,"y":1,"w":1023,"h":470},
	"rotated": false,
	"trimmed": true,
	"spriteSourceSize": {"x":0,"y":0,"w":1023,"h":470},
	"sourceSize": {"w":1024,"h":768}
},
"00004.png":
{
	"frame": {"x":1,"y":1,"w":1023,"h":470},
	"rotated": false,
	"trimmed": true,
	"spriteSourceSize": {"x":0,"y":0,"w":1023,"h":470},
	"sourceSize": {"w":1024,"h":768}
},
"00005.png":
{
	"frame": {"x":1,"y":1,"w":1023,"h":470},
	"rotated": false,
	"trimmed": true,
	"spriteSourceSize": {"x":0,"y":0,"w":1023,"h":470},
	"sourceSize": {"w":1024,"h":768}
},
"00006.png":
{
	"frame": {"x":1,"y":473,"w":1023,"h":619},
	"rotated": false,
	"trimmed": true,
	"spriteSourceSize": {"x":0,"y":0,"w":1023,"h":619},
	"sourceSize": {"w":1024,"h":768}
},
"00007.png":
{
	"frame": {"x":1,"y":1094,"w":1023,"h":619},
	"rotated": false,
	"trimmed": true,
	"spriteSourceSize": {"x":0,"y":0,"w":1023,"h":619},
	"sourceSize": {"w":1024,"h":768}
},
"00026.png":
{
	"frame": {"x":1026,"y":1,"w":1024,"h":619},
	"rotated": false,
	"trimmed": true,
	"spriteSourceSize": {"x":0,"y":0,"w":1024,"h":619},
	"sourceSize": {"w":1024,"h":768}
},
"00027.png":
{
	"frame": {"x":2052,"y":1,"w":1024,"h":619},
	"rotated": false,
	"trimmed": true,
	"spriteSourceSize": {"x":0,"y":0,"w":1024,"h":619},
	"sourceSize": {"w":1024,"h":768}
},
"00028.png":
{
	"frame": {"x":1026,"y":622,"w":1024,"h":619},
	"rotated": false,
	"trimmed": true,
	"spriteSourceSize": {"x":0,"y":0,"w":1024,"h":619},
	"sourceSize": {"w":1024,"h":768}
},
"00029.png":
{
	"frame": {"x":2052,"y":622,"w":1024,"h":619},
	"rotated": false,
	"trimmed": true,
	"spriteSourceSize": {"x":0,"y":0,"w":1024,"h":619},
	"sourceSize": {"w":1024,"h":768}
}},
"meta": {
	"app": "https://www.codeandweb.com/texturepacker",
	"version": "1.0",
	"image": "13-1.png",
	"format": "RGBA8888",
	"size": {"w":3077,"h":1714},
	"scale": "1",
	"smartupdate": "$TexturePacker:SmartUpdate:e0c2d400875a869e065e446735eb3426:af5d8f396ca135cc257263fba4bf140a:cfb9be20c4d30802cfccbdd7eb133d70$"
}
}
