{"frames": {

"00000.png":
{
	"frame": {"x":1,"y":1,"w":726,"h":638},
	"rotated": false,
	"trimmed": true,
	"spriteSourceSize": {"x":11,"y":12,"w":726,"h":638},
	"sourceSize": {"w":1024,"h":768}
},
"00001.png":
{
	"frame": {"x":1,"y":1,"w":726,"h":638},
	"rotated": false,
	"trimmed": true,
	"spriteSourceSize": {"x":11,"y":12,"w":726,"h":638},
	"sourceSize": {"w":1024,"h":768}
},
"00002.png":
{
	"frame": {"x":729,"y":1,"w":726,"h":638},
	"rotated": false,
	"trimmed": true,
	"spriteSourceSize": {"x":11,"y":12,"w":726,"h":638},
	"sourceSize": {"w":1024,"h":768}
},
"00003.png":
{
	"frame": {"x":1457,"y":1,"w":726,"h":638},
	"rotated": false,
	"trimmed": true,
	"spriteSourceSize": {"x":11,"y":12,"w":726,"h":638},
	"sourceSize": {"w":1024,"h":768}
},
"00004.png":
{
	"frame": {"x":2185,"y":1,"w":726,"h":638},
	"rotated": false,
	"trimmed": true,
	"spriteSourceSize": {"x":11,"y":12,"w":726,"h":638},
	"sourceSize": {"w":1024,"h":768}
},
"00005.png":
{
	"frame": {"x":2913,"y":1,"w":726,"h":638},
	"rotated": false,
	"trimmed": true,
	"spriteSourceSize": {"x":11,"y":12,"w":726,"h":638},
	"sourceSize": {"w":1024,"h":768}
},
"00006.png":
{
	"frame": {"x":1,"y":641,"w":726,"h":638},
	"rotated": false,
	"trimmed": true,
	"spriteSourceSize": {"x":11,"y":12,"w":726,"h":638},
	"sourceSize": {"w":1024,"h":768}
},
"00007.png":
{
	"frame": {"x":1,"y":1281,"w":726,"h":638},
	"rotated": false,
	"trimmed": true,
	"spriteSourceSize": {"x":11,"y":12,"w":726,"h":638},
	"sourceSize": {"w":1024,"h":768}
},
"00008.png":
{
	"frame": {"x":1,"y":1921,"w":726,"h":638},
	"rotated": false,
	"trimmed": true,
	"spriteSourceSize": {"x":11,"y":12,"w":726,"h":638},
	"sourceSize": {"w":1024,"h":768}
},
"00009.png":
{
	"frame": {"x":1,"y":2561,"w":726,"h":638},
	"rotated": false,
	"trimmed": true,
	"spriteSourceSize": {"x":11,"y":12,"w":726,"h":638},
	"sourceSize": {"w":1024,"h":768}
},
"00010.png":
{
	"frame": {"x":1,"y":3201,"w":726,"h":638},
	"rotated": false,
	"trimmed": true,
	"spriteSourceSize": {"x":11,"y":12,"w":726,"h":638},
	"sourceSize": {"w":1024,"h":768}
},
"00011.png":
{
	"frame": {"x":729,"y":641,"w":726,"h":638},
	"rotated": false,
	"trimmed": true,
	"spriteSourceSize": {"x":11,"y":12,"w":726,"h":638},
	"sourceSize": {"w":1024,"h":768}
},
"00012.png":
{
	"frame": {"x":1457,"y":641,"w":726,"h":638},
	"rotated": false,
	"trimmed": true,
	"spriteSourceSize": {"x":11,"y":12,"w":726,"h":638},
	"sourceSize": {"w":1024,"h":768}
},
"00013.png":
{
	"frame": {"x":2185,"y":641,"w":726,"h":638},
	"rotated": false,
	"trimmed": true,
	"spriteSourceSize": {"x":11,"y":12,"w":726,"h":638},
	"sourceSize": {"w":1024,"h":768}
},
"00014.png":
{
	"frame": {"x":2913,"y":641,"w":726,"h":638},
	"rotated": false,
	"trimmed": true,
	"spriteSourceSize": {"x":11,"y":12,"w":726,"h":638},
	"sourceSize": {"w":1024,"h":768}
},
"00015.png":
{
	"frame": {"x":729,"y":1281,"w":726,"h":638},
	"rotated": false,
	"trimmed": true,
	"spriteSourceSize": {"x":11,"y":12,"w":726,"h":638},
	"sourceSize": {"w":1024,"h":768}
},
"00016.png":
{
	"frame": {"x":729,"y":1921,"w":726,"h":638},
	"rotated": false,
	"trimmed": true,
	"spriteSourceSize": {"x":11,"y":12,"w":726,"h":638},
	"sourceSize": {"w":1024,"h":768}
},
"00017.png":
{
	"frame": {"x":729,"y":2561,"w":726,"h":638},
	"rotated": false,
	"trimmed": true,
	"spriteSourceSize": {"x":11,"y":12,"w":726,"h":638},
	"sourceSize": {"w":1024,"h":768}
},
"00018.png":
{
	"frame": {"x":729,"y":3201,"w":726,"h":638},
	"rotated": false,
	"trimmed": true,
	"spriteSourceSize": {"x":11,"y":12,"w":726,"h":638},
	"sourceSize": {"w":1024,"h":768}
},
"00019.png":
{
	"frame": {"x":1457,"y":1281,"w":726,"h":638},
	"rotated": false,
	"trimmed": true,
	"spriteSourceSize": {"x":11,"y":12,"w":726,"h":638},
	"sourceSize": {"w":1024,"h":768}
},
"00020.png":
{
	"frame": {"x":2185,"y":1281,"w":726,"h":638},
	"rotated": false,
	"trimmed": true,
	"spriteSourceSize": {"x":11,"y":12,"w":726,"h":638},
	"sourceSize": {"w":1024,"h":768}
},
"00021.png":
{
	"frame": {"x":2913,"y":1281,"w":726,"h":638},
	"rotated": false,
	"trimmed": true,
	"spriteSourceSize": {"x":11,"y":12,"w":726,"h":638},
	"sourceSize": {"w":1024,"h":768}
},
"00022.png":
{
	"frame": {"x":1457,"y":1921,"w":726,"h":638},
	"rotated": false,
	"trimmed": true,
	"spriteSourceSize": {"x":11,"y":12,"w":726,"h":638},
	"sourceSize": {"w":1024,"h":768}
},
"00023.png":
{
	"frame": {"x":1457,"y":2561,"w":726,"h":638},
	"rotated": false,
	"trimmed": true,
	"spriteSourceSize": {"x":11,"y":12,"w":726,"h":638},
	"sourceSize": {"w":1024,"h":768}
},
"00024.png":
{
	"frame": {"x":1457,"y":3201,"w":726,"h":638},
	"rotated": false,
	"trimmed": true,
	"spriteSourceSize": {"x":11,"y":12,"w":726,"h":638},
	"sourceSize": {"w":1024,"h":768}
},
"00025.png":
{
	"frame": {"x":2185,"y":1921,"w":726,"h":638},
	"rotated": false,
	"trimmed": true,
	"spriteSourceSize": {"x":11,"y":12,"w":726,"h":638},
	"sourceSize": {"w":1024,"h":768}
},
"00026.png":
{
	"frame": {"x":2913,"y":1921,"w":726,"h":638},
	"rotated": false,
	"trimmed": true,
	"spriteSourceSize": {"x":11,"y":12,"w":726,"h":638},
	"sourceSize": {"w":1024,"h":768}
},
"00027.png":
{
	"frame": {"x":2185,"y":2561,"w":726,"h":638},
	"rotated": false,
	"trimmed": true,
	"spriteSourceSize": {"x":11,"y":12,"w":726,"h":638},
	"sourceSize": {"w":1024,"h":768}
},
"00028.png":
{
	"frame": {"x":2185,"y":3201,"w":726,"h":638},
	"rotated": false,
	"trimmed": true,
	"spriteSourceSize": {"x":11,"y":12,"w":726,"h":638},
	"sourceSize": {"w":1024,"h":768}
},
"00029.png":
{
	"frame": {"x":2913,"y":2561,"w":726,"h":638},
	"rotated": false,
	"trimmed": true,
	"spriteSourceSize": {"x":11,"y":12,"w":726,"h":638},
	"sourceSize": {"w":1024,"h":768}
},
"00030.png":
{
	"frame": {"x":729,"y":641,"w":726,"h":638},
	"rotated": false,
	"trimmed": true,
	"spriteSourceSize": {"x":11,"y":12,"w":726,"h":638},
	"sourceSize": {"w":1024,"h":768}
}},
"meta": {
	"app": "https://www.codeandweb.com/texturepacker",
	"version": "1.0",
	"image": "2-0.png",
	"format": "RGBA8888",
	"size": {"w":3640,"h":3840},
	"scale": "1",
	"smartupdate": "$TexturePacker:SmartUpdate:03da7b5fcc608033540ed83e151890e7:d79c360b29a6bb0f2828ee70f45f71ed:2c601f8f29a7d84fddc5eeb37f1b55da$"
}
}
