{"frames": {

"00076.png":
{
	"frame": {"x":1,"y":1,"w":1024,"h":768},
	"rotated": false,
	"trimmed": false,
	"spriteSourceSize": {"x":0,"y":0,"w":1024,"h":768},
	"sourceSize": {"w":1024,"h":768}
},
"00077.png":
{
	"frame": {"x":1027,"y":1,"w":1024,"h":768},
	"rotated": false,
	"trimmed": false,
	"spriteSourceSize": {"x":0,"y":0,"w":1024,"h":768},
	"sourceSize": {"w":1024,"h":768}
},
"00078.png":
{
	"frame": {"x":2053,"y":1,"w":1024,"h":768},
	"rotated": false,
	"trimmed": false,
	"spriteSourceSize": {"x":0,"y":0,"w":1024,"h":768},
	"sourceSize": {"w":1024,"h":768}
},
"00079.png":
{
	"frame": {"x":1,"y":771,"w":1024,"h":768},
	"rotated": false,
	"trimmed": false,
	"spriteSourceSize": {"x":0,"y":0,"w":1024,"h":768},
	"sourceSize": {"w":1024,"h":768}
},
"00080.png":
{
	"frame": {"x":1,"y":1541,"w":1024,"h":768},
	"rotated": false,
	"trimmed": false,
	"spriteSourceSize": {"x":0,"y":0,"w":1024,"h":768},
	"sourceSize": {"w":1024,"h":768}
},
"00081.png":
{
	"frame": {"x":1,"y":2311,"w":1024,"h":768},
	"rotated": false,
	"trimmed": false,
	"spriteSourceSize": {"x":0,"y":0,"w":1024,"h":768},
	"sourceSize": {"w":1024,"h":768}
},
"00082.png":
{
	"frame": {"x":1,"y":3081,"w":1024,"h":768},
	"rotated": false,
	"trimmed": false,
	"spriteSourceSize": {"x":0,"y":0,"w":1024,"h":768},
	"sourceSize": {"w":1024,"h":768}
},
"00083.png":
{
	"frame": {"x":1027,"y":771,"w":1024,"h":768},
	"rotated": false,
	"trimmed": false,
	"spriteSourceSize": {"x":0,"y":0,"w":1024,"h":768},
	"sourceSize": {"w":1024,"h":768}
},
"00084.png":
{
	"frame": {"x":2053,"y":771,"w":1024,"h":768},
	"rotated": false,
	"trimmed": false,
	"spriteSourceSize": {"x":0,"y":0,"w":1024,"h":768},
	"sourceSize": {"w":1024,"h":768}
},
"00085.png":
{
	"frame": {"x":1027,"y":1541,"w":1024,"h":768},
	"rotated": false,
	"trimmed": false,
	"spriteSourceSize": {"x":0,"y":0,"w":1024,"h":768},
	"sourceSize": {"w":1024,"h":768}
},
"00086.png":
{
	"frame": {"x":1027,"y":2311,"w":1024,"h":768},
	"rotated": false,
	"trimmed": false,
	"spriteSourceSize": {"x":0,"y":0,"w":1024,"h":768},
	"sourceSize": {"w":1024,"h":768}
},
"00087.png":
{
	"frame": {"x":1027,"y":3081,"w":1024,"h":768},
	"rotated": false,
	"trimmed": false,
	"spriteSourceSize": {"x":0,"y":0,"w":1024,"h":768},
	"sourceSize": {"w":1024,"h":768}
},
"00088.png":
{
	"frame": {"x":2053,"y":1541,"w":1024,"h":768},
	"rotated": false,
	"trimmed": false,
	"spriteSourceSize": {"x":0,"y":0,"w":1024,"h":768},
	"sourceSize": {"w":1024,"h":768}
},
"00089.png":
{
	"frame": {"x":2053,"y":2311,"w":1024,"h":768},
	"rotated": false,
	"trimmed": false,
	"spriteSourceSize": {"x":0,"y":0,"w":1024,"h":768},
	"sourceSize": {"w":1024,"h":768}
},
"00090.png":
{
	"frame": {"x":2053,"y":3081,"w":1024,"h":768},
	"rotated": false,
	"trimmed": false,
	"spriteSourceSize": {"x":0,"y":0,"w":1024,"h":768},
	"sourceSize": {"w":1024,"h":768}
}},
"meta": {
	"app": "https://www.codeandweb.com/texturepacker",
	"version": "1.0",
	"image": "3-3.png",
	"format": "RGBA8888",
	"size": {"w":3078,"h":3850},
	"scale": "1",
	"smartupdate": "$TexturePacker:SmartUpdate:8f24a047658d93885cad34623db5f765:ca977bcc011ff69eb2c9b4478fd533f7:faf5aee849efe44397f948b64494af38$"
}
}
