{"frames": {

"00045.png":
{
	"frame": {"x":1,"y":1,"w":826,"h":744},
	"rotated": false,
	"trimmed": true,
	"spriteSourceSize": {"x":79,"y":24,"w":826,"h":744},
	"sourceSize": {"w":1024,"h":768}
},
"00046.png":
{
	"frame": {"x":829,"y":1,"w":826,"h":744},
	"rotated": false,
	"trimmed": true,
	"spriteSourceSize": {"x":79,"y":24,"w":826,"h":744},
	"sourceSize": {"w":1024,"h":768}
},
"00047.png":
{
	"frame": {"x":1657,"y":1,"w":826,"h":744},
	"rotated": false,
	"trimmed": true,
	"spriteSourceSize": {"x":79,"y":24,"w":826,"h":744},
	"sourceSize": {"w":1024,"h":768}
},
"00048.png":
{
	"frame": {"x":2485,"y":1,"w":826,"h":744},
	"rotated": false,
	"trimmed": true,
	"spriteSourceSize": {"x":79,"y":24,"w":826,"h":744},
	"sourceSize": {"w":1024,"h":768}
},
"00049.png":
{
	"frame": {"x":1,"y":747,"w":826,"h":744},
	"rotated": false,
	"trimmed": true,
	"spriteSourceSize": {"x":79,"y":24,"w":826,"h":744},
	"sourceSize": {"w":1024,"h":768}
},
"00050.png":
{
	"frame": {"x":1,"y":1493,"w":826,"h":744},
	"rotated": false,
	"trimmed": true,
	"spriteSourceSize": {"x":79,"y":24,"w":826,"h":744},
	"sourceSize": {"w":1024,"h":768}
},
"00051.png":
{
	"frame": {"x":1,"y":2239,"w":826,"h":744},
	"rotated": false,
	"trimmed": true,
	"spriteSourceSize": {"x":79,"y":24,"w":826,"h":744},
	"sourceSize": {"w":1024,"h":768}
},
"00052.png":
{
	"frame": {"x":1,"y":2985,"w":826,"h":744},
	"rotated": false,
	"trimmed": true,
	"spriteSourceSize": {"x":79,"y":24,"w":826,"h":744},
	"sourceSize": {"w":1024,"h":768}
},
"00053.png":
{
	"frame": {"x":829,"y":747,"w":826,"h":744},
	"rotated": false,
	"trimmed": true,
	"spriteSourceSize": {"x":79,"y":24,"w":826,"h":744},
	"sourceSize": {"w":1024,"h":768}
},
"00054.png":
{
	"frame": {"x":1657,"y":747,"w":826,"h":744},
	"rotated": false,
	"trimmed": true,
	"spriteSourceSize": {"x":79,"y":24,"w":826,"h":744},
	"sourceSize": {"w":1024,"h":768}
},
"00055.png":
{
	"frame": {"x":2485,"y":747,"w":826,"h":744},
	"rotated": false,
	"trimmed": true,
	"spriteSourceSize": {"x":79,"y":24,"w":826,"h":744},
	"sourceSize": {"w":1024,"h":768}
},
"00056.png":
{
	"frame": {"x":829,"y":1493,"w":826,"h":744},
	"rotated": false,
	"trimmed": true,
	"spriteSourceSize": {"x":79,"y":24,"w":826,"h":744},
	"sourceSize": {"w":1024,"h":768}
},
"00057.png":
{
	"frame": {"x":829,"y":2239,"w":826,"h":744},
	"rotated": false,
	"trimmed": true,
	"spriteSourceSize": {"x":79,"y":24,"w":826,"h":744},
	"sourceSize": {"w":1024,"h":768}
},
"00058.png":
{
	"frame": {"x":829,"y":2985,"w":826,"h":744},
	"rotated": false,
	"trimmed": true,
	"spriteSourceSize": {"x":79,"y":24,"w":826,"h":744},
	"sourceSize": {"w":1024,"h":768}
},
"00059.png":
{
	"frame": {"x":1657,"y":1493,"w":826,"h":744},
	"rotated": false,
	"trimmed": true,
	"spriteSourceSize": {"x":79,"y":24,"w":826,"h":744},
	"sourceSize": {"w":1024,"h":768}
},
"00060.png":
{
	"frame": {"x":2485,"y":1493,"w":826,"h":744},
	"rotated": false,
	"trimmed": true,
	"spriteSourceSize": {"x":79,"y":24,"w":826,"h":744},
	"sourceSize": {"w":1024,"h":768}
},
"00061.png":
{
	"frame": {"x":1657,"y":2239,"w":826,"h":744},
	"rotated": false,
	"trimmed": true,
	"spriteSourceSize": {"x":79,"y":24,"w":826,"h":744},
	"sourceSize": {"w":1024,"h":768}
},
"00062.png":
{
	"frame": {"x":1657,"y":2985,"w":826,"h":744},
	"rotated": false,
	"trimmed": true,
	"spriteSourceSize": {"x":79,"y":24,"w":826,"h":744},
	"sourceSize": {"w":1024,"h":768}
},
"00063.png":
{
	"frame": {"x":2485,"y":2239,"w":826,"h":744},
	"rotated": false,
	"trimmed": true,
	"spriteSourceSize": {"x":79,"y":24,"w":826,"h":744},
	"sourceSize": {"w":1024,"h":768}
},
"00065.png":
{
	"frame": {"x":2485,"y":2985,"w":826,"h":744},
	"rotated": false,
	"trimmed": true,
	"spriteSourceSize": {"x":79,"y":24,"w":826,"h":744},
	"sourceSize": {"w":1024,"h":768}
},
"00069.png":
{
	"frame": {"x":2485,"y":1,"w":826,"h":744},
	"rotated": false,
	"trimmed": true,
	"spriteSourceSize": {"x":79,"y":24,"w":826,"h":744},
	"sourceSize": {"w":1024,"h":768}
},
"00070.png":
{
	"frame": {"x":2485,"y":1,"w":826,"h":744},
	"rotated": false,
	"trimmed": true,
	"spriteSourceSize": {"x":79,"y":24,"w":826,"h":744},
	"sourceSize": {"w":1024,"h":768}
},
"00071.png":
{
	"frame": {"x":2485,"y":1,"w":826,"h":744},
	"rotated": false,
	"trimmed": true,
	"spriteSourceSize": {"x":79,"y":24,"w":826,"h":744},
	"sourceSize": {"w":1024,"h":768}
},
"00072.png":
{
	"frame": {"x":2485,"y":1,"w":826,"h":744},
	"rotated": false,
	"trimmed": true,
	"spriteSourceSize": {"x":79,"y":24,"w":826,"h":744},
	"sourceSize": {"w":1024,"h":768}
},
"00073.png":
{
	"frame": {"x":2485,"y":1,"w":826,"h":744},
	"rotated": false,
	"trimmed": true,
	"spriteSourceSize": {"x":79,"y":24,"w":826,"h":744},
	"sourceSize": {"w":1024,"h":768}
},
"00083.png":
{
	"frame": {"x":2485,"y":1,"w":826,"h":744},
	"rotated": false,
	"trimmed": true,
	"spriteSourceSize": {"x":79,"y":24,"w":826,"h":744},
	"sourceSize": {"w":1024,"h":768}
},
"00084.png":
{
	"frame": {"x":2485,"y":1,"w":826,"h":744},
	"rotated": false,
	"trimmed": true,
	"spriteSourceSize": {"x":79,"y":24,"w":826,"h":744},
	"sourceSize": {"w":1024,"h":768}
},
"00085.png":
{
	"frame": {"x":2485,"y":1,"w":826,"h":744},
	"rotated": false,
	"trimmed": true,
	"spriteSourceSize": {"x":79,"y":24,"w":826,"h":744},
	"sourceSize": {"w":1024,"h":768}
},
"00086.png":
{
	"frame": {"x":2485,"y":1,"w":826,"h":744},
	"rotated": false,
	"trimmed": true,
	"spriteSourceSize": {"x":79,"y":24,"w":826,"h":744},
	"sourceSize": {"w":1024,"h":768}
},
"00087.png":
{
	"frame": {"x":2485,"y":1,"w":826,"h":744},
	"rotated": false,
	"trimmed": true,
	"spriteSourceSize": {"x":79,"y":24,"w":826,"h":744},
	"sourceSize": {"w":1024,"h":768}
},
"00088.png":
{
	"frame": {"x":2485,"y":1,"w":826,"h":744},
	"rotated": false,
	"trimmed": true,
	"spriteSourceSize": {"x":79,"y":24,"w":826,"h":744},
	"sourceSize": {"w":1024,"h":768}
},
"00089.png":
{
	"frame": {"x":2485,"y":1,"w":826,"h":744},
	"rotated": false,
	"trimmed": true,
	"spriteSourceSize": {"x":79,"y":24,"w":826,"h":744},
	"sourceSize": {"w":1024,"h":768}
},
"00090.png":
{
	"frame": {"x":2485,"y":1,"w":826,"h":744},
	"rotated": false,
	"trimmed": true,
	"spriteSourceSize": {"x":79,"y":24,"w":826,"h":744},
	"sourceSize": {"w":1024,"h":768}
}},
"meta": {
	"app": "https://www.codeandweb.com/texturepacker",
	"version": "1.0",
	"image": "4-1.png",
	"format": "RGBA8888",
	"size": {"w":3312,"h":3730},
	"scale": "1",
	"smartupdate": "$TexturePacker:SmartUpdate:dafacd5f3c4d686dead8e6ce226ce3aa:922c6ff3a6e1b2682b4ea4b8ccaf4c16:3c6e9981d5525abbb4e08d91fc0e7751$"
}
}
