{"frames": {

"00000.png":
{
	"frame": {"x":1,"y":1,"w":1024,"h":767},
	"rotated": false,
	"trimmed": true,
	"spriteSourceSize": {"x":0,"y":1,"w":1024,"h":767},
	"sourceSize": {"w":1024,"h":768}
},
"00001.png":
{
	"frame": {"x":1027,"y":1,"w":1024,"h":767},
	"rotated": false,
	"trimmed": true,
	"spriteSourceSize": {"x":0,"y":1,"w":1024,"h":767},
	"sourceSize": {"w":1024,"h":768}
},
"00002.png":
{
	"frame": {"x":2053,"y":1,"w":1024,"h":767},
	"rotated": false,
	"trimmed": true,
	"spriteSourceSize": {"x":0,"y":1,"w":1024,"h":767},
	"sourceSize": {"w":1024,"h":768}
},
"00003.png":
{
	"frame": {"x":1,"y":770,"w":1024,"h":767},
	"rotated": false,
	"trimmed": true,
	"spriteSourceSize": {"x":0,"y":1,"w":1024,"h":767},
	"sourceSize": {"w":1024,"h":768}
},
"00004.png":
{
	"frame": {"x":1,"y":1539,"w":1024,"h":767},
	"rotated": false,
	"trimmed": true,
	"spriteSourceSize": {"x":0,"y":1,"w":1024,"h":767},
	"sourceSize": {"w":1024,"h":768}
},
"00005.png":
{
	"frame": {"x":1,"y":2308,"w":1024,"h":767},
	"rotated": false,
	"trimmed": true,
	"spriteSourceSize": {"x":0,"y":1,"w":1024,"h":767},
	"sourceSize": {"w":1024,"h":768}
},
"00006.png":
{
	"frame": {"x":1,"y":3077,"w":1024,"h":767},
	"rotated": false,
	"trimmed": true,
	"spriteSourceSize": {"x":0,"y":1,"w":1024,"h":767},
	"sourceSize": {"w":1024,"h":768}
},
"00007.png":
{
	"frame": {"x":1027,"y":770,"w":1024,"h":767},
	"rotated": false,
	"trimmed": true,
	"spriteSourceSize": {"x":0,"y":1,"w":1024,"h":767},
	"sourceSize": {"w":1024,"h":768}
},
"00008.png":
{
	"frame": {"x":2053,"y":770,"w":1024,"h":767},
	"rotated": false,
	"trimmed": true,
	"spriteSourceSize": {"x":0,"y":1,"w":1024,"h":767},
	"sourceSize": {"w":1024,"h":768}
},
"00009.png":
{
	"frame": {"x":2053,"y":770,"w":1024,"h":767},
	"rotated": false,
	"trimmed": true,
	"spriteSourceSize": {"x":0,"y":1,"w":1024,"h":767},
	"sourceSize": {"w":1024,"h":768}
},
"00010.png":
{
	"frame": {"x":2053,"y":770,"w":1024,"h":767},
	"rotated": false,
	"trimmed": true,
	"spriteSourceSize": {"x":0,"y":1,"w":1024,"h":767},
	"sourceSize": {"w":1024,"h":768}
},
"00011.png":
{
	"frame": {"x":2053,"y":770,"w":1024,"h":767},
	"rotated": false,
	"trimmed": true,
	"spriteSourceSize": {"x":0,"y":1,"w":1024,"h":767},
	"sourceSize": {"w":1024,"h":768}
},
"00012.png":
{
	"frame": {"x":2053,"y":770,"w":1024,"h":767},
	"rotated": false,
	"trimmed": true,
	"spriteSourceSize": {"x":0,"y":1,"w":1024,"h":767},
	"sourceSize": {"w":1024,"h":768}
},
"00013.png":
{
	"frame": {"x":1027,"y":1539,"w":1024,"h":767},
	"rotated": false,
	"trimmed": true,
	"spriteSourceSize": {"x":0,"y":1,"w":1024,"h":767},
	"sourceSize": {"w":1024,"h":768}
},
"00014.png":
{
	"frame": {"x":2053,"y":1539,"w":1024,"h":767},
	"rotated": false,
	"trimmed": true,
	"spriteSourceSize": {"x":0,"y":1,"w":1024,"h":767},
	"sourceSize": {"w":1024,"h":768}
},
"00015.png":
{
	"frame": {"x":1027,"y":2308,"w":1024,"h":767},
	"rotated": false,
	"trimmed": true,
	"spriteSourceSize": {"x":0,"y":1,"w":1024,"h":767},
	"sourceSize": {"w":1024,"h":768}
},
"00016.png":
{
	"frame": {"x":1027,"y":3077,"w":1024,"h":767},
	"rotated": false,
	"trimmed": true,
	"spriteSourceSize": {"x":0,"y":1,"w":1024,"h":767},
	"sourceSize": {"w":1024,"h":768}
},
"00017.png":
{
	"frame": {"x":2053,"y":2308,"w":1024,"h":767},
	"rotated": false,
	"trimmed": true,
	"spriteSourceSize": {"x":0,"y":1,"w":1024,"h":767},
	"sourceSize": {"w":1024,"h":768}
},
"00018.png":
{
	"frame": {"x":2053,"y":3077,"w":1024,"h":767},
	"rotated": false,
	"trimmed": true,
	"spriteSourceSize": {"x":0,"y":1,"w":1024,"h":767},
	"sourceSize": {"w":1024,"h":768}
},
"00030.png":
{
	"frame": {"x":2053,"y":770,"w":1024,"h":767},
	"rotated": false,
	"trimmed": true,
	"spriteSourceSize": {"x":0,"y":1,"w":1024,"h":767},
	"sourceSize": {"w":1024,"h":768}
},
"00031.png":
{
	"frame": {"x":2053,"y":770,"w":1024,"h":767},
	"rotated": false,
	"trimmed": true,
	"spriteSourceSize": {"x":0,"y":1,"w":1024,"h":767},
	"sourceSize": {"w":1024,"h":768}
},
"00032.png":
{
	"frame": {"x":2053,"y":770,"w":1024,"h":767},
	"rotated": false,
	"trimmed": true,
	"spriteSourceSize": {"x":0,"y":1,"w":1024,"h":767},
	"sourceSize": {"w":1024,"h":768}
},
"00033.png":
{
	"frame": {"x":2053,"y":770,"w":1024,"h":767},
	"rotated": false,
	"trimmed": true,
	"spriteSourceSize": {"x":0,"y":1,"w":1024,"h":767},
	"sourceSize": {"w":1024,"h":768}
},
"00034.png":
{
	"frame": {"x":1027,"y":1539,"w":1024,"h":767},
	"rotated": false,
	"trimmed": true,
	"spriteSourceSize": {"x":0,"y":1,"w":1024,"h":767},
	"sourceSize": {"w":1024,"h":768}
},
"00035.png":
{
	"frame": {"x":1027,"y":1539,"w":1024,"h":767},
	"rotated": false,
	"trimmed": true,
	"spriteSourceSize": {"x":0,"y":1,"w":1024,"h":767},
	"sourceSize": {"w":1024,"h":768}
},
"00040.png":
{
	"frame": {"x":2053,"y":770,"w":1024,"h":767},
	"rotated": false,
	"trimmed": true,
	"spriteSourceSize": {"x":0,"y":1,"w":1024,"h":767},
	"sourceSize": {"w":1024,"h":768}
},
"00041.png":
{
	"frame": {"x":2053,"y":770,"w":1024,"h":767},
	"rotated": false,
	"trimmed": true,
	"spriteSourceSize": {"x":0,"y":1,"w":1024,"h":767},
	"sourceSize": {"w":1024,"h":768}
},
"00043.png":
{
	"frame": {"x":2053,"y":770,"w":1024,"h":767},
	"rotated": false,
	"trimmed": true,
	"spriteSourceSize": {"x":0,"y":1,"w":1024,"h":767},
	"sourceSize": {"w":1024,"h":768}
},
"00044.png":
{
	"frame": {"x":2053,"y":770,"w":1024,"h":767},
	"rotated": false,
	"trimmed": true,
	"spriteSourceSize": {"x":0,"y":1,"w":1024,"h":767},
	"sourceSize": {"w":1024,"h":768}
},
"00045.png":
{
	"frame": {"x":2053,"y":770,"w":1024,"h":767},
	"rotated": false,
	"trimmed": true,
	"spriteSourceSize": {"x":0,"y":1,"w":1024,"h":767},
	"sourceSize": {"w":1024,"h":768}
}},
"meta": {
	"app": "https://www.codeandweb.com/texturepacker",
	"version": "1.0",
	"image": "6-0.png",
	"format": "RGBA8888",
	"size": {"w":3078,"h":3845},
	"scale": "1",
	"smartupdate": "$TexturePacker:SmartUpdate:fe469b93b6f70587165b31d49ac2bc74:e7a9af8ab89c57e4f8069d1cfd382b31:1465e0475ca248ae2b770b39e120f4a8$"
}
}
