{"frames": {

"00023.png":
{
	"frame": {"x":1,"y":1,"w":1024,"h":767},
	"rotated": false,
	"trimmed": false,
	"spriteSourceSize": {"x":0,"y":1,"w":1024,"h":767},
	"sourceSize": {"w":1024,"h":767}
},
"00024.png":
{
	"frame": {"x":1027,"y":1,"w":1024,"h":767},
	"rotated": false,
	"trimmed": false,
	"spriteSourceSize": {"x":0,"y":1,"w":1024,"h":767},
	"sourceSize": {"w":1024,"h":767}
},
"00025.png":
{
	"frame": {"x":2053,"y":1,"w":1024,"h":767},
	"rotated": false,
	"trimmed": false,
	"spriteSourceSize": {"x":0,"y":1,"w":1024,"h":767},
	"sourceSize": {"w":1024,"h":767}
},
"00026.png":
{
	"frame": {"x":1,"y":770,"w":1024,"h":767},
	"rotated": false,
	"trimmed": false,
	"spriteSourceSize": {"x":0,"y":1,"w":1024,"h":767},
	"sourceSize": {"w":1024,"h":767}
},
"00027.png":
{
	"frame": {"x":1,"y":1539,"w":1024,"h":767},
	"rotated": false,
	"trimmed": false,
	"spriteSourceSize": {"x":0,"y":1,"w":1024,"h":767},
	"sourceSize": {"w":1024,"h":767}
},
"00028.png":
{
	"frame": {"x":1,"y":2308,"w":1024,"h":767},
	"rotated": false,
	"trimmed": false,
	"spriteSourceSize": {"x":0,"y":1,"w":1024,"h":767},
	"sourceSize": {"w":1024,"h":767}
},
"00029.png":
{
	"frame": {"x":1,"y":3077,"w":1024,"h":767},
	"rotated": false,
	"trimmed": false,
	"spriteSourceSize": {"x":0,"y":1,"w":1024,"h":767},
	"sourceSize": {"w":1024,"h":767}
},
"00032.png":
{
	"frame": {"x":1027,"y":770,"w":1024,"h":767},
	"rotated": false,
	"trimmed": false,
	"spriteSourceSize": {"x":0,"y":1,"w":1024,"h":767},
	"sourceSize": {"w":1024,"h":767}
},
"00033.png":
{
	"frame": {"x":2053,"y":770,"w":1024,"h":767},
	"rotated": false,
	"trimmed": false,
	"spriteSourceSize": {"x":0,"y":1,"w":1024,"h":767},
	"sourceSize": {"w":1024,"h":767}
},
"00034.png":
{
	"frame": {"x":1027,"y":1539,"w":1024,"h":767},
	"rotated": false,
	"trimmed": false,
	"spriteSourceSize": {"x":0,"y":1,"w":1024,"h":767},
	"sourceSize": {"w":1024,"h":767}
},
"00036.png":
{
	"frame": {"x":2053,"y":1539,"w":1024,"h":767},
	"rotated": false,
	"trimmed": false,
	"spriteSourceSize": {"x":0,"y":1,"w":1024,"h":767},
	"sourceSize": {"w":1024,"h":767}
},
"00037.png":
{
	"frame": {"x":1027,"y":2308,"w":1024,"h":767},
	"rotated": false,
	"trimmed": false,
	"spriteSourceSize": {"x":0,"y":1,"w":1024,"h":767},
	"sourceSize": {"w":1024,"h":767}
},
"00038.png":
{
	"frame": {"x":1027,"y":3077,"w":1024,"h":767},
	"rotated": false,
	"trimmed": false,
	"spriteSourceSize": {"x":0,"y":1,"w":1024,"h":767},
	"sourceSize": {"w":1024,"h":767}
},
"00039.png":
{
	"frame": {"x":2053,"y":2308,"w":1024,"h":767},
	"rotated": false,
	"trimmed": false,
	"spriteSourceSize": {"x":0,"y":1,"w":1024,"h":767},
	"sourceSize": {"w":1024,"h":767}
},
"00041.png":
{
	"frame": {"x":2053,"y":3077,"w":1024,"h":767},
	"rotated": false,
	"trimmed": false,
	"spriteSourceSize": {"x":0,"y":1,"w":1024,"h":767},
	"sourceSize": {"w":1024,"h":767}
}},
"meta": {
	"app": "https://www.codeandweb.com/texturepacker",
	"version": "1.0",
	"image": "6-1.png",
	"format": "RGBA8888",
	"size": {"w":3078,"h":3845},
	"scale": "1",
	"smartupdate": "$TexturePacker:SmartUpdate:3c14bface340a8bc14e0bf5184cfc13c:32b8f0b6a0a106d32e3147a37294909a:1465e0475ca248ae2b770b39e120f4a8$"
}
}
