{"frames": {

"00042.png":
{
	"frame": {"x":1,"y":1,"w":1024,"h":717},
	"rotated": false,
	"trimmed": true,
	"spriteSourceSize": {"x":0,"y":51,"w":1024,"h":717},
	"sourceSize": {"w":1024,"h":768}
},
"00063.png":
{
	"frame": {"x":1027,"y":1,"w":1024,"h":767},
	"rotated": false,
	"trimmed": true,
	"spriteSourceSize": {"x":0,"y":1,"w":1024,"h":767},
	"sourceSize": {"w":1024,"h":768}
},
"00064.png":
{
	"frame": {"x":2053,"y":1,"w":1024,"h":767},
	"rotated": false,
	"trimmed": true,
	"spriteSourceSize": {"x":0,"y":1,"w":1024,"h":767},
	"sourceSize": {"w":1024,"h":768}
},
"00065.png":
{
	"frame": {"x":1,"y":720,"w":1024,"h":767},
	"rotated": false,
	"trimmed": true,
	"spriteSourceSize": {"x":0,"y":1,"w":1024,"h":767},
	"sourceSize": {"w":1024,"h":768}
},
"00066.png":
{
	"frame": {"x":1027,"y":770,"w":1024,"h":767},
	"rotated": false,
	"trimmed": true,
	"spriteSourceSize": {"x":0,"y":1,"w":1024,"h":767},
	"sourceSize": {"w":1024,"h":768}
},
"00067.png":
{
	"frame": {"x":2053,"y":770,"w":1024,"h":767},
	"rotated": false,
	"trimmed": true,
	"spriteSourceSize": {"x":0,"y":1,"w":1024,"h":767},
	"sourceSize": {"w":1024,"h":768}
},
"00068.png":
{
	"frame": {"x":1,"y":1489,"w":1024,"h":767},
	"rotated": false,
	"trimmed": true,
	"spriteSourceSize": {"x":0,"y":1,"w":1024,"h":767},
	"sourceSize": {"w":1024,"h":768}
},
"00069.png":
{
	"frame": {"x":1027,"y":1539,"w":1024,"h":767},
	"rotated": false,
	"trimmed": true,
	"spriteSourceSize": {"x":0,"y":1,"w":1024,"h":767},
	"sourceSize": {"w":1024,"h":768}
},
"00070.png":
{
	"frame": {"x":2053,"y":1539,"w":1024,"h":767},
	"rotated": false,
	"trimmed": true,
	"spriteSourceSize": {"x":0,"y":1,"w":1024,"h":767},
	"sourceSize": {"w":1024,"h":768}
},
"00071.png":
{
	"frame": {"x":1,"y":2258,"w":1024,"h":767},
	"rotated": false,
	"trimmed": true,
	"spriteSourceSize": {"x":0,"y":1,"w":1024,"h":767},
	"sourceSize": {"w":1024,"h":768}
},
"00072.png":
{
	"frame": {"x":1027,"y":2308,"w":1024,"h":767},
	"rotated": false,
	"trimmed": true,
	"spriteSourceSize": {"x":0,"y":1,"w":1024,"h":767},
	"sourceSize": {"w":1024,"h":768}
},
"00073.png":
{
	"frame": {"x":2053,"y":2308,"w":1024,"h":767},
	"rotated": false,
	"trimmed": true,
	"spriteSourceSize": {"x":0,"y":1,"w":1024,"h":767},
	"sourceSize": {"w":1024,"h":768}
},
"00074.png":
{
	"frame": {"x":1,"y":3027,"w":1024,"h":767},
	"rotated": false,
	"trimmed": true,
	"spriteSourceSize": {"x":0,"y":1,"w":1024,"h":767},
	"sourceSize": {"w":1024,"h":768}
}},
"meta": {
	"app": "https://www.codeandweb.com/texturepacker",
	"version": "1.0",
	"image": "6-3.png",
	"format": "RGBA8888",
	"size": {"w":3078,"h":3795},
	"scale": "1",
	"smartupdate": "$TexturePacker:SmartUpdate:fe469b93b6f70587165b31d49ac2bc74:e7a9af8ab89c57e4f8069d1cfd382b31:1465e0475ca248ae2b770b39e120f4a8$"
}
}
