{"frames": {

"00061.png":
{
	"frame": {"x":1,"y":1,"w":1024,"h":767},
	"rotated": false,
	"trimmed": false,
	"spriteSourceSize": {"x":0,"y":1,"w":1024,"h":767},
	"sourceSize": {"w":1024,"h":767}
},
"00063.png":
{
	"frame": {"x":1027,"y":1,"w":1024,"h":767},
	"rotated": false,
	"trimmed": false,
	"spriteSourceSize": {"x":0,"y":1,"w":1024,"h":767},
	"sourceSize": {"w":1024,"h":767}
}},
"meta": {
	"app": "https://www.codeandweb.com/texturepacker",
	"version": "1.0",
	"image": "6-3.png",
	"format": "RGBA8888",
	"size": {"w":2052,"h":769},
	"scale": "1",
	"smartupdate": "$TexturePacker:SmartUpdate:3c14bface340a8bc14e0bf5184cfc13c:32b8f0b6a0a106d32e3147a37294909a:1465e0475ca248ae2b770b39e120f4a8$"
}
}
