{"frames": {

"1/backgroud1.png":
{
	"frame": {"x":1,"y":1541,"w":1024,"h":768},
	"rotated": false,
	"trimmed": false,
	"spriteSourceSize": {"x":0,"y":0,"w":1024,"h":768},
	"sourceSize": {"w":1024,"h":768}
},
"2/backgroud2.png":
{
	"frame": {"x":1027,"y":2311,"w":1024,"h":768},
	"rotated": false,
	"trimmed": false,
	"spriteSourceSize": {"x":0,"y":0,"w":1024,"h":768},
	"sourceSize": {"w":1024,"h":768}
},
"3/backgroud3.png":
{
	"frame": {"x":2053,"y":2311,"w":1024,"h":768},
	"rotated": false,
	"trimmed": false,
	"spriteSourceSize": {"x":0,"y":0,"w":1024,"h":768},
	"sourceSize": {"w":1024,"h":768}
},
"4/backgroud4.png":
{
	"frame": {"x":1,"y":3081,"w":1024,"h":768},
	"rotated": false,
	"trimmed": false,
	"spriteSourceSize": {"x":0,"y":0,"w":1024,"h":768},
	"sourceSize": {"w":1024,"h":768}
},
"5/backgroud5.png":
{
	"frame": {"x":1027,"y":3081,"w":1024,"h":768},
	"rotated": false,
	"trimmed": false,
	"spriteSourceSize": {"x":0,"y":0,"w":1024,"h":768},
	"sourceSize": {"w":1024,"h":768}
},
"6/backgroud6.png":
{
	"frame": {"x":2053,"y":3081,"w":1024,"h":768},
	"rotated": false,
	"trimmed": false,
	"spriteSourceSize": {"x":0,"y":0,"w":1024,"h":768},
	"sourceSize": {"w":1024,"h":768}
},
"10/10-sun.png":
{
	"frame": {"x":3079,"y":2309,"w":346,"h":348},
	"rotated": false,
	"trimmed": false,
	"spriteSourceSize": {"x":0,"y":13,"w":346,"h":348},
	"sourceSize": {"w":346,"h":348}
},
"10/backgroud10-indoor.png":
{
	"frame": {"x":1,"y":1,"w":2864,"h":768},
	"rotated": false,
	"trimmed": false,
	"spriteSourceSize": {"x":0,"y":0,"w":2864,"h":768},
	"sourceSize": {"w":2864,"h":768}
},
"10/backgroud10-outdoor.png":
{
	"frame": {"x":1,"y":771,"w":2864,"h":768},
	"rotated": false,
	"trimmed": false,
	"spriteSourceSize": {"x":0,"y":0,"w":2864,"h":768},
	"sourceSize": {"w":2864,"h":768}
},
"11/backgroud11.png":
{
	"frame": {"x":1027,"y":1541,"w":1024,"h":768},
	"rotated": false,
	"trimmed": false,
	"spriteSourceSize": {"x":0,"y":0,"w":1024,"h":768},
	"sourceSize": {"w":1024,"h":768}
},
"12/backgroud12.png":
{
	"frame": {"x":2053,"y":1541,"w":1024,"h":768},
	"rotated": false,
	"trimmed": false,
	"spriteSourceSize": {"x":0,"y":0,"w":1024,"h":768},
	"sourceSize": {"w":1024,"h":768}
},
"13/backgroud13.png":
{
	"frame": {"x":2867,"y":1,"w":1024,"h":768},
	"rotated": false,
	"trimmed": false,
	"spriteSourceSize": {"x":0,"y":0,"w":1024,"h":768},
	"sourceSize": {"w":1024,"h":768}
},
"14/backgroud14.png":
{
	"frame": {"x":2867,"y":771,"w":1024,"h":768},
	"rotated": false,
	"trimmed": false,
	"spriteSourceSize": {"x":0,"y":0,"w":1024,"h":768},
	"sourceSize": {"w":1024,"h":768}
},
"15-1/15-soundwave.png":
{
	"frame": {"x":3079,"y":1541,"w":780,"h":766},
	"rotated": false,
	"trimmed": false,
	"spriteSourceSize": {"x":176,"y":0,"w":780,"h":766},
	"sourceSize": {"w":780,"h":766}
},
"15-1/backgroud15.png":
{
	"frame": {"x":1,"y":2311,"w":1024,"h":768},
	"rotated": false,
	"trimmed": false,
	"spriteSourceSize": {"x":0,"y":0,"w":1024,"h":768},
	"sourceSize": {"w":1024,"h":768}
},
"15-2/15-save.png":
{
	"frame": {"x":3427,"y":2309,"w":214,"h":96},
	"rotated": false,
	"trimmed": false,
	"spriteSourceSize": {"x":14,"y":13,"w":214,"h":96},
	"sourceSize": {"w":214,"h":96}
},
"15-2/15-share.png":
{
	"frame": {"x":3427,"y":2407,"w":214,"h":96},
	"rotated": false,
	"trimmed": false,
	"spriteSourceSize": {"x":14,"y":13,"w":214,"h":96},
	"sourceSize": {"w":214,"h":96}
}},
"meta": {
	"app": "https://www.codeandweb.com/texturepacker",
	"version": "1.0",
	"image": "pic-0.png",
	"format": "RGBA8888",
	"size": {"w":3892,"h":3850},
	"scale": "1",
	"smartupdate": "$TexturePacker:SmartUpdate:03a6317e22144caf0c636cbd2ea3b198:4e68245cd729f8381689d59f7794f017:5d8646909809a9643d2a241ea2e0adbc$"
}
}
