{"frames": {

"left.png":
{
	"frame": {"x":1,"y":127,"w":67,"h":43},
	"rotated": false,
	"trimmed": true,
	"spriteSourceSize": {"x":18,"y":24,"w":67,"h":43},
	"sourceSize": {"w":104,"h":92}
},
"pause.png":
{
	"frame": {"x":1,"y":1,"w":59,"h":61},
	"rotated": false,
	"trimmed": true,
	"spriteSourceSize": {"x":22,"y":15,"w":59,"h":61},
	"sourceSize": {"w":104,"h":92}
},
"right.png":
{
	"frame": {"x":1,"y":172,"w":67,"h":43},
	"rotated": false,
	"trimmed": true,
	"spriteSourceSize": {"x":18,"y":24,"w":67,"h":43},
	"sourceSize": {"w":104,"h":92}
},
"start.png":
{
	"frame": {"x":1,"y":64,"w":59,"h":61},
	"rotated": false,
	"trimmed": true,
	"spriteSourceSize": {"x":22,"y":15,"w":59,"h":61},
	"sourceSize": {"w":104,"h":92}
}},
"meta": {
	"app": "http://www.codeandweb.com/texturepacker",
	"version": "1.0",
	"image": "widget.png",
	"format": "RGBA8888",
	"size": {"w":69,"h":216},
	"scale": "1",
	"smartupdate": "$TexturePacker:SmartUpdate:0d8f3f8b2fb4bf111e386f61b351454a:7b82468a6f2a28926292a073816014b6:86c5a86a77c271a5c3877e5bf646a3c3$"
}
}
